,genre,artist,song,lyrics
0,Country,The Original Carter Family,Can the Circle Be Unbroken (Bye and Bye),i was standing by the window on a dark and cloudy day when i saw the hearse come rolling for to carry my mother away can the circle be unbroken by and by lord by and by there's a better home awaiting in the sky lord in the sky lord i told the undertaker undertaker please drive slow for this body you are holding lord lord i hate to see her go can the circle be unbroken by and by lord by and by there's a better home awaiting in the sky lord in the sky i followed close behind her tried to hold up and be brave but i could not hide my sorrow when they laid her in the grave can the circle be unbroken by and by lord by and by there's a better home awaiting in the sky lord in the sky went that home lord my home was lonesome yes my mother she was gone all my brothers sisters cryin' what a home to sit alone can the circle be unbroken by and by lord by and by there's a better home awaiting in the sky lord in the sky
1,Country,Bill Monroe,Blue Moon of Kentucky,blue moon of kentucky keep on shinin' shine on the one whose gone and proved untrue blue moon of kentucky keep on shinin' shine on the one whose gone and left me blue it was on a moonlit night the stars were shining bright they whispered from on high your love has said goodbye blue moon of kentucky keep on shinin' shine on the one gone and said goodbye
2,Country,Hank Williams,I'm So Lonesome I Could Cry,hear that lonesome whippoorwill he sounds too blue to fly the midnight train is whining low i'm so lonesome i could cry i've never seen a night so long when time goes crawling by the moon just went behind the clouds to hide its face and cry did you ever see a robin weep when leaves begin to die like me he's lost the will to live i'm so lonesome i could cry the silence of a falling star lights up a purple sky and as i wonder where you are i'm so lonesome i could cry
3,Country,Eddy Arnold,Make The World Go Away,hank cochran make the world go away and get it off my shoulder say the things you used to say and make the world go away do you remember when you loved me before the world took me astray if you do then forgive me and make the world go away make the world go away and get it off my shoulder say the things you used to say and make the world go away i'm sorry if i hurt you i'll make it up day by day just say you love me like you used to and make the world go away make the world go away and get it off my shoulder say the things you used to say and make the world go away
4,Country,George Jones,He Stopped Loving Her Today,"he said i'll love you till i die she told him you you'll forget in time as the years went slowly by she still prayed upon his mind he kept her picture on his wall went half crazy now and then he still loved her through it all hoping she'd come back again kept some letters by his bed dated 1962 he had underlined in red every single ""l love you"" i went to see him just today oh but i didn't see no tears all dressed up to go away first time i'd seen him smile in years he stopped loving her today they placed a wreath upon his door and soon they'll carry him away he stopped loving her today ya know she came to see him one last time oh we all wondered if she would and it kept running through my mind this time he's over her for good he stopped loving her today they placed a wreath upon his door and soon they'll carry him away he stopped loving her today"
5,Country,Johnny Cash,I Walk the Line,i keep a close watch on this heart of mine i keep my eyes wide open all the time i keep the ends out for the tie that binds because you're mine i walk the line i find it very very easy to be true i find myself alone when each day's through yes i'll admit that i'm a fool for you because you're mine i walk the line as sure as night is dark and day is light i keep you on my mind both day and night and happiness i've known proves that it's right because you're mine i walk the line you've got a way to keep me on your side you give me cause for love that i can't hide for you i know i'd even try to turn the tide because you're mine i walk the line i keep a close watch on this heart of mine i keep my eyes wide open all the time i keep the ends out for the tie that binds because you're mine i walk the line
6,Country,Tammy Wynette,Stand by Your Man,sometimes it's hard to be a woman giving all your love to just one man you have bad times and you have good times doing things that you don't understand but if you love him you'll forgive him even though he's hard to understand and if you love him oh be proud of him 'cause after all he's just a man stand by your man give him two arms to cling to and something warm to come to when nights are cold and lonely stand by your man and show the world you love him keep giving all the love you can stand by your man stand by your man and show the world you love him keep giving all the love you can stand by your man
7,Country,Patsy Cline,Crazy,crazy i'm crazy for feeling so lonely i'm crazy crazy for feeling so blue i knew you'd love me as long as you wanted and then someday you'd leave me for somebody new worry why do i let myself worry wonderin' what in the world did i do crazy for thinkin that my love could hold you i'm crazy for tryin' and crazy for cryin' and i'm crazy for lovin' you crazy for thinking that my love could hold you i'm crazy for tryin' and crazy for cryin' and i'm crazy for lovin' you
8,Country,Randy Travis,"Forever And Ever, Amen",you may think that i'm talkin' foolish you've heard that i'm wild and i'm free you may wonder how i can promise you now this love that i feel for you always will be but you're not just time that i'm killin' i'm no longer one of those guys as sure as i live this love that i give is gonna be yours until the day that i die oh baby i'm gonna love you forever forever and ever amen as long as old men sit n' talk about the weather as long as old women sit n' talk about old men if you wonder how long i'll be faithful i'll be happy to tell you again i'm gonna love you forever and ever forever and ever amen they say that time takes it's toll on a body makes a young girl's brown hair turn gray but honey i don't care i ain't in love with your hair and if it all fell out well i'd love you anyway they say time can play tricks on a memory make people forget things they knew well it's easy to see it's happenin' to me i've already forgotten every woman but you oh darlin' i'm gonna love you forever forever and ever amen as long as old men sit n' talk about the weather as long as old women sit n' talk about old men if you wonder how long i'll be faithful well just listen to how this song ends i'm gonna love you forever and ever forever and ever amen i'm gonna love you forever and ever forever and ever forever and ever forever and ever amen
9,Country,Roy Acuff,Wabash Cannonball,listen to the jingle the rumble and the roar as she glides along the woodland o'er the hills and by the shore hear the rush of the mighty engine hear the lonesome hobos call he's riding through the jungle on the wabash cannon ball now the western states are dandies so the southern people say from chicago and st louis and peoria by the way to the lake of minnesota where the rippling waters flow no chances to be taken on the wabash cannon ball listen to the jingle the rumble and the roar as she glides along the woodland o'er the hills and by the shore hear the rush of the mighty engine hear the lonesome hobos call he's riding through the jungle on the wabash cannon ball she pulled in to the station one cold december day as she rolled up to the platform you could hear all the people say now theirs a gal from birmingham she's elong and she's tall she came down from georgia on the wabash cannon ball listen to the jingle the rumble and the roar as she glides along the woodland o'er the hills and by the shore hear the rush of the mighty engine hear the lonesome hobos call he's riding through the jungle on the wabash cannon ball now heres to daddy claxton may his name forever stand and always be remembered in the courts of all the land his earthly race is over and as the curtain falls we'll carry him back to dixie on the wabash cannon ball wabash cannonball listen to the jingle the rumble and the roar as she glides along the woodland o'er the hills and by the shore hear the rush of the mighty engine hear the lonesome hobos call he's riding through the jungle on the wabash cannon ball
10,Country,Garth Brooks,The Dance,looking back on the memory of the dance we shared 'neath the stars above for a moment all the world was right how could i have known that you'd ever say goodbye and now i'm glad i didn't know the way it all would end the way it all would go our lives are better left to chance i could have missed the pain but i'd have had to miss the dance holding you i held everything for a moment wasn't i a king but if i'd only known how the king would fall hey who's to say you know i might have changed it all and now i'm glad i didn't know the way it all would end the way it all would go our lives are better left to chance i could have missed the pain but i'd have had to miss the dance yes my life its better left to chance i could have missed the pain but i'd have had to miss the dance
11,Country,Loretta Lynn,Coal Miner's Daughter,well i was born a coal miner's daughter in a cabin on a hill in butcher holler we were poor but we had love that's the one thing that daddy made sure of he shoveled coal to make a poor man's dollar my daddy worked all night in the van leer coal mine all day long in the field a hoein' corn mommy rocked the babies at night and read the bible by the coal oil light and everything would start all over come break of morn' daddy loved and raised eight kids on a miner's pay mommy scrubbed our clothes on a washboard everyday well i've seen her fingers bleed to complain there was no need she'd smile in mommy's understanding way in the summertime we didn't have shoes to wear but in the wintertime we'd all get a brand new pair from a mail order catalog money made from sellin' a hog daddy always managed to get the money somewhere yeah i'm proud to be a coal miner's daughter i remember well the well where i drew water the work we done was hard at night we'd sleep 'cause we were tired i never thought of ever leavin' butcher holler well a lot of things have changed since way back then and it's so good to be back home again not much left but the floor nothin' lives here anymore except the memories of a coal miner's daughter
12,Country,Hank Snow,I'm Moving On,that big eightwheeler rollin' down the track means your truelovin' daddy ain't comin' back 'cause i'm movin' on i'll soon be gone you were flyin' too high for my little old sky so i'm movin' on that big loud whistle as it blew and blew said hello to the southland we're comin' to you when we're movin' on oh hear my song you had the laugh on me so i've set you free and i'm movin' on mister fireman won't you please listen to me 'cause i got a pretty mama in tennessee keep movin' me on keep rollin' on so shovel the coal let this rattler roll and keep movin' me on mister engineer take that throttle in hand this rattler's the fastest in the southern land to keep movin' me on keep rollin' on you gonna ease my mind put me there on time and keep rollin' on i've told you baby from time to time but you just wouldn't listen or pay me no mind now i'm movin' on i'm rollin' on you've broken your vow and it's all over now so i'm movin' on you've switched your engine now i ain't got time for a triflin' woman on my main line cause i'm movin on you done your daddy wrong i warned you twice now you can settle the price 'cause i'm movin on but someday baby when you've had your play you're gonna want your daddy but your daddy will say keep movin' on you stayed away too long i'm through with you too bad you're blue keep movin' on
13,Country,Johnny Cash,Ring of Fire,love is a burning thing and it makes a fiery ring bound by wild desire i fell in to a ring of fire i fell in to a burning ring of fire i went down down down and the flames went higher and it burns burns burns the ring of fire the ring of fire i fell in to a burning ring of fire i went down down down and the flames went higher and it burns burns burns the ring of fire the ring of fire the taste of love is sweet when hearts like ours meet i fell for you like a child oh but the fire went wild i fell in to a burning ring of fire i went down down down and the flames went higher and it burns burns burns the ring of fire the ring of fire i fell into a burning ring of fire i went down down down and the flames went higher and it burns burns burns the ring of fire the ring of fire and it burns burns burns the ring of fire the ring of fire
14,Country,Patsy Cline,I Fall to Pieces,i fall to pieces each time i see you again i fall to pieces how can i be just your friend you want me to act like we've never kissed you want me to forget pretend we've never met and i've tried and i've tried but i haven't yet you walk by and i fall to pieces i fall to pieces each time someone speaks your name i fall to pieces time only adds to the flame you tell me to find someone else to love someone who'll love me too the way you used to do but each time i go out with someone new you walk by and i fall to pieces you walk by and i fall to pieces
15,Country,Willie Nelson,Blue Eyes Crying In the Rain,in the twilight glow i see her blue eyes cryin' in the rain when we kissed goodbye and parted i knew we'd never meet again love is like a dyin' ember only memories remain through the ages i'll remember blue eyes cryin' in the rain some day when we meet up yonder we'll stroll hand in hand again in a land that knows no partin' blue eyes cryin' in the rain
16,Country,Dolly Parton,I Will Always Love You,dolly parton greatest hits i will always love you if i should stay well i would only be in your way and so i'll go and yet i know that i'll think of you each step of my way and i will always love you i will always love you bittersweet memories that's all i have and all i'm taking with me goodbye oh please don't cry 'cause we both know that i'm not what you need i will always love you i will always love you and i hope life will treat you kind and i hope that you have all that you ever dreamed of oh i do wish you joy and i wish you happiness but above all this i wish you love i love you i will always love i i will always always love you i will always love you i will always love you i will always love you
17,Country,Garth Brooks,Friends In Low Places,blame it all on my roots i showed up in boots and ruined your black tie affair the last one to know the last one to show i was the last one you thought you'd see there and i saw the surprise and the fear in his eyes when i took his glass of champagne and i toasted you said honey we may be through but you'll never hear me complain 'cause i've got friends in low places where the whiskey drowns and the beer chases my blues away and i'll be okay i'm not big on social graces think i'll slip on down to the oasis oh i've got friends in low places well i guess i was wrong i just don't belong but then i've been there before everything's all right i'll just say goodnight and i'll show myself to the door hey i didn't mean to cause a big scene just give me an hour and then well i'll be as high as that ivory tower that you're livin' in 'cause i've got friends in low places where the whiskey drowns and the beer chases my blues away and i'll be okay i'm not big on social graces think i'll slip on down to the oasis oh i've got friends in low places
18,Country,Jimmie Rodgers,In the Jailhouse Now,i had a friend named ramblin' bob who used to steal gamble and rob he thought he was the smartest guy in town but i found out last monday that bob got locked up sunday they've got him in the jailhouse way down town he's in the jailhouse now he's in the jailhouse now i told him once or twice to quit playin' cards and shootin' dice he's in the jailhouse now he played a game called his poker he knock on whist and euchre but shootin' dice was his greatest game now he's down town in jail nobody to go his bail the judge done said that he refused the fine he's in the jailhouse now he's in the jailhouse now i told him once or twice to quit playin' cards and shootin' dice he's in the jailhouse now i went out last tuesday met a girl named susie i told her i was the swellest man around we started to spend my money then she started to call me honey we took in every cabaret in town we're in the jailhouse now we're in the jailhouse now i told the judge right to his face we didn't like to see this place we're in the jailhouse now
19,Country,Merle Haggard,Mama Tried,the first thing i remember knowing was a lonesome whistle blowing and a young'un's dream of growing up to ride on a freight train leaving town not knowing where i'm bound and no one could change my mind but mama tried one and only rebel child from a family meek and mild my mama seemed to know what lay in store despite all my sunday learning towards the bad i kept on turning till mama couldn't hold me anymore and i turned twentyone in prison doing life without parole no one could steer me right but mama tried mama tried mama tried to raise me better but her pleading i denied that leaves only me to blame 'cause mama tried dear old daddy rest his soul left my mom a heavy load she tried so very hard to fill his shoes working hours without rest wanted me to have the best she tried to raise me right but i refused and i turned twentyone in prison doing life without parole no one could steer me right but mama tried mama tried mama tried to raise me better but her pleading i denied that leaves only me to blame 'cause mama tried
20,Country,Conway Twitty,Hello Darlin',hello darlin' nice to see you it's been a long time you're just as lovely as you used to be how's your new love are you happy hope your doin' fine just to know it means so much to me what's that darlin' how am i doin' i'm doin' alright except i cant sleep i cry all night 'til dawn what i'm trying to say is i love you and i miss you and i'm so sorry that i did you wrong look up darlin' let me kiss you just for old time sake let me hold you in my arms one more time thank you darlin' may god bless you and each step you take bring you closer to the things you seem to find goodbye darlin' gotta go now gotta try to find a way to lose these memories of a love so warm and true and if you should ever find it in your heart to forgive me come back darlin' i'll be waitin' for you
21,Country,Ray Price,Crazy Arms,now blue ain't the word for the way that i feel and a storm's brewing in this heart of mine this ain't no crazy dream i know that it's real you're someone else's love now you're not mine crazy arms that reach to hold somebody new for my yearning heart keeps sayin' you're not mine my troubled mind knows soon to another you'll be wed and that's why i'm lonely all the time so please take the treasured dreams i had for you and me and take all the love i thought was mine someday my crazy arms may hold somebody new but now i'm so lonely all the time crazy arms that reach to hold somebody new for my yearning heart keeps sayin' you're not mine my troubled mind knows soon to another you'll be wed and that's why i'm lonely all the time
22,Country,Kitty Wells,It Wasn't God Who Made Honky Tonk Angels,as i sit here tonight the jukebox playin' the tune about the wild side of life as i listen to the words you are sayin' it brings memories when i was a trustin' wife it wasn't god who made honky tonk angels as you said in the words of your song too many times married men think they're still single that has caused many a good girl to go wrong it's a shame that all the blame is on us women it's not true that only you men feel the same from the start most every heart that's ever broken was because there always was a man to blame it wasn't god who made honky tonk angels as you said in the words of your song too many times married men think they're still single that has caused many a good girl to go wrong
23,Country,Willie Nelson,Always On My Mind,maybe i didn't love you quite as often as i could have and maybe i didn't treat you quite as good as i should have if i made you feel second best girl i'm sorry i was blind you were always on my mind you were always on my mind and maybe i didn't hold you all those lonely lonely times i guess i never told you i am so happy that you're mine little things i should have said and done i just never took the time you were always on my mind you were always on my mind tell me tell me that your sweet love hasn't died and give me give me one more chance to keep you satisfied i'll keep you satisfied little things i should have said and done i just never took the time you were always on my mind you were always on my mind you were always on my mind you were always on my mind you were always on my mind you were always on my mind
24,Country,Hank Williams,Jambalaya (On the Bayou),goodbye joe me gotta go me oh my oh me gotta go pole the pirogue down the bayou my yvonne the sweetest one me oh my oh son of a gun we'll have big fun on the bayou jambalaya and acrawfish pie and afillet gumbo 'cause tonight i'm gonna see my machez amio pick guitar fill fruit jar and be gayoh son of a gun we'll have big fun on the bayou thibodeaux to fontainbleau the place is buzzin' kinfolk come to see yvonne by the dozen dress in style and go hog wild me oh my oh son of a gun we'll have big fun on the bayou jambalaya and acrawfish pie and a fillet gumbo 'cause tonight i'm gonna see my machez amio pick guitar fill fruit jar and be gayoh son of a gun we'll have big fun on the bayou jambalaya and acrawfish pie and afillet gumbo 'cause tonight i'm gonna see my machez amio pick guitar fill fruit jar and be gayoh son of a gun we'll have big fun on the bayou
25,Country,Marty Robbins,El Paso,out in the west texas town of el paso i fell in love with a mexican girl nighttime would find me in rosa's cantina music would play and felina would whirl blacker than night were the eyes of felina wicked and evil while casting a spell my love was deep for this mexican maiden i was in love but in vain i could tell one night a wild young cowboy came in wild as the west texas wind dashing and daring a drink he was sharing with wicked felina the girl that i loved so in anger i challenged his right for the love of this maiden down went his hand for the gun that he wore my challenge was answered in less than a heartbeat the handsome young stranger lay dead on the floor just for a moment i stood there in silence shocked by the foul evil deed i had done many thoughts raced through my mind as i stood there i had but one chance and that was to run out through the back door of rosa's i ran out where the horses were tied i caught a good one it looked like it could run up on its back and away i did ride just as fast as i could from the west texas town of el paso out to the badlands of new mexico back in el paso my life would be worthless everything's gone in lifenothing is left it's been so long since i've seen the young maiden my love is stronger than my fear of death i saddled up and away i did go riding alone in the dark maybe tomorrow a bullet may find me tonight nothing's worse than this pain in my heart and at last here i am on the hill overlooking el paso i can see rosa's cantina below my love is strong and it pushes me onward down off the hill to felina i go off to my right i see five mounted cowboys off to my left ride a dozen or more shouting and shooting i can't let them catch me i have to make it to rosa's back door something is dreadfully wrong for i feel a deep burning pain in my side though i am trying to stay in the saddle i'm getting weary unable to ride but my love for felina is strong and i rise where i've fallen though i am weary i can't stop to rest i see the white puff of smoke from the rifle i feel the bullet go deep in my chest from out of nowhere felina has found me kissing my cheek as she kneels by my side cradled by two loving arms that i'll die for one little kiss and felina goodbye
26,Country,Waylon Jennings and Willie Nelson,"Mammas, Don't Let Your Babies Grow Up to Be Cowboys",cowboys ain't easy to love and they're harder to hold they'd rather give you a song than diamonds or gold lone star belt buckles and old faded levis and each night begins a new day if you don't understand him an' he don't die young he'll prob'ly just ride away mamas don't let your babies grow up to be cowboys don't let 'em pick guitars or drive them old trucks let 'em be doctors and lawyers and such mamas don't let your babies grow up to be cowboys 'cause they'll never stay home and they're always alone even with someone they love cowboys like smoky old pool rooms and clear mountain mornings little warm puppies and children and girls of the night them that don't know him won't like him and them that do sometimes won't know how to take him he ain't wrong he's just different but his pride won't let him do things to make you think he's right mamas don't let your babies grow up to be cowboys don't let 'em pick guitars or drive them old trucks let 'em be doctors and lawyers and such mamas don't let your babies grow up to be cowboys 'cause they'll never stay home and they're always alone even with someone they love mamas don't let your babies grow up to be cowboys don't let 'em pick guitars or drive them old trucks let 'em be doctors and lawyers and such
27,Country,Ernest Tubb,Walkin' the Floor Over You,i'm walkin' the floor over you i can't sleep a wink that is true i'm hoping and i'm prayin' as my heart breaks right in two walkin' the floor over you well you left me and you went away you said that you'd be back in just a day well you've broken your promise and you left me here alone i don't know why you did dear but i do know that you're gone i'm walkin' the floor over you i can't sleep a wink that is true i'm hoping and i'm prayin' as my heart breaks right in two walkin' the floor over you now someday you may be lonesome too walkin' the floor is good for you just keep right on walkin' and it won't hurt you to cry remember that i loved you and i will the day i die i'm walkin' the floor over you i can't sleep a wink that is true i'm hoping and i'm prayin' as my heart breaks right in two walkin' the floor over you
28,Country,Buck Owens,I've Got A Tiger By The Tail,i've got a tiger by the tail it's plain to see i won't be much when you get through with me well i'm a losing weight and a turnin' mighty pale looks like i've got a tiger by the tail well i thought the day i met you you were meek as a lamb just the kind to fit my dreams and plans but now the pace we're livin' takes the wind from my sails and it looks like i've got a tiger by the tail i've got a tiger by the tail it's plain to see i won't be much when you get through with me well i'm a losing weight and a turnin' mighty pale looks like i've got a tiger by the tail well every night you drag me where the bright lights are found there ain't no way to slow you down i'm about as helpless as a leaf in a gale and it looks like i've got a tiger by the tail i've got a tiger by the tail it's plain to see i won't be much when you get through with me well i'm a losing weight and a turnin' mighty pale looks like i've got a tiger by the tail
29,Country,The Stanley Brothers,I'm a Man of Constant Sorrow,i am a man of constant sorrow i've seen trouble all my days i bid farewell to old kentucky the place where i borned and raised for six long years i've been in trouble no pleasure here on earth i find for in this world i'm bound to ramble i have no friends to help me now it's fare you well my own true lover i never expect to see you again for i'm bound to ride that northern railroad perhaps i'll die upon this train you can bury me in some deep valley for many years where i may lay then you may learn to love another while i am sleeping in my grave maybe your friends think i'm just a stranger my face you'll never will see no more but there is one promise that is given i'll meet you on god's golden shore
30,Country,The Sons of the Pioneers,Tumbling Tumbleweeds,see them tumbling down pledging their love to the ground lonely but free i'll be found drifting along with the tumbling tumbleweeds cares of the past are behind nowhere to go but i'll find just where the trail will wind drifting along with the tumblin' tumbleweeds i know when night is gone that a new world's born at dawn i'll keep rolling along deep in my heart as a song here on the range i belong drifting along with the tumbling tumbleweeds tumbleweeds tumbleweeds see them tumbling down pledging their love to the ground lonely but free i'll be found drifting along with the tumblin' tumbleweeds
31,Country,Charlie Rich,Behind Closed Doors,"my baby makes me proud lord don't she make me proud she never makes a scene by hanging all over me in a crowd 'cause people like to talk lord don't they love to talk but when they turn out the lights i know she'll be leaving with me and when we get behind closed doors then she lets her hair hang down and she makes me glad that i'm a man oh no one knows what goes on behind closed doors my baby makes me smile lord don't she make me smile she's never too far away or too tired to say ""i want you"" she's always a lady just like a lady should be but when they turn out the lights she's still a baby to me and when we get behind closed doors then she lets her hair hang down and she makes me glad that i'm a man oh no one knows what goes on behind closed doors behind closed doors"
32,Country,Eddy Arnold,The Cattle Call,tex owens moan the cattle are prowlin' the coyotes are howlin' out with the doggies bawl where spurs are jinglin' a cowboy is singin' this lonesome cattle call moan he rides in the sun till his day's work is done and he rounds up the cattle each fall moan singin' this cattle call for hours he will ride on the range far and wide when the night wind blows up a squall his heart is a feather in all kinds of weather he sings his cattle call moan he's brown as a berry from ridin' the prairie and he sings with an old western drawl moan singin' this cattle call moan
33,Country,Flatt and Scruggs,Foggy Mountain Special,there's a well beaten path in the old mountainside where i wandered when i was a lad and i wandered alone to the place i call home in those blueridge hills far away oh i love those hills of old virginia from those blueridge hills i did roam when i die won't you bury me on the mountain far away near my blueridge mountain home now my thoughts wander back to that ramshackle shack in those blue ridge hills far away where my mother and dad were laid there to rest they are sleeping in peace together there i return to that old cabin home with the sigh i've been longing for days gone by when i die won't you bury me on that old mountain side make my resting place upon the hills so high
34,Country,Evans Dale,Happy Trails,evans dale miscellaneous happy trails happy trails words and music by dale evans happy trails to you until we meet again happy trails to you keep smiling until then who cares about the clouds if we're together just sing a song and bring the sunny weather happy trails to you 'til we meet again
35,Country,Jim Reeves,He'll Have to Go,put your sweet lips a little closer to the phone lets pretend we're together all alone  i'll tell the man to turn the jukebox way down low and you can tell your friend there with you he'll have to go  whisper to me tell me do you love me true  or is he holding you the way i do  though love is blind make up your mind i've got to know should i hang up or will you tell him he'll have to go you cant say the words i want to hear while you're with another man do you you want me answer yes or no darling i will understand put your sweet lips a little closer to the phone lets pretend that we're together all alone i'll tell the man to turn the jukebox way down low and you can tell your friend there with you he'll have to go 
36,Country,Alan Jackson,Chattahoochee,well way down yonder on the chattahoochee it gets hotter than a hoochie coochie we laid rubber on the georgia asphalt we got a little crazy but we never got caught down by the river on a friday night pyramid of cans in the pale moonlight talkin' 'bout cars and dreamin' 'bout women never had a plan just a livin' for the minute yeah way down yonder on the chattahoochee never knew how much that muddy water meant to me but i learned how to swim and i learned who i was a lot about livin' and a little 'bout love ya ha well we fogged up the windows in my old chevy i was willin' but she wasn't ready so i settled for a burger and a grape snocone i dropped her off early but i didn't go home down by the river on a friday night pyramid of cans in the pale moonlight talkin' 'bout cars and dreamin' 'bout women never had a plan just a livin' for the minute yeah way down yonder on the chattahochee never knew how much that muddy water meant to me but i learned how to swim and i learned who i was a lot about livin' and a little 'bout love yeah way down yonder on the chattahochee never knew how much that muddy water meant to me but i learned how to swim and i learned who i was a lot about livin' and a little 'bout love a lot about livin' and a little 'bout love ya he that's right
37,Country,Johnny Cash,Folsom Prison Blues,"i hear the train a comin' it's rollin' 'round the bend and i ain't seen the sunshine since i don't know when i'm stuck at folsom prison and time keeps draggin' on but that train keeps rollin' on down to san antone when i was just a baby my mama told me ""son always be a good boy don't ever play with guns"" but i shot a man in reno just to watch him die when i hear that whistle blowin' i hang my head and cry i bet there's rich folk eatin' from a fancy dinin' car they're prob'ly drinkin' coffee and smokin' big cigars well i know i had it comin' i know i can't be free but those people keep a movin' and that's what tortures me well if they freed me from this prison if that railroad train was mine i bet i'd move it a little farther down the line far from folsom prison that's where i want to stay and i'd let that lonesome whistle blow my blues away"
38,Country,Webb Pierce,I Ain't Never,well i ain't never i ain't never seen nobody like you no no no never have i ever seen nobody like you you call me up and say to meet me at nine i have to hurry hurry but i'm there on time i walk right up and knock on your door the landlord says she ain't a here no more i ain't never oh darling seen nobody like you hoo hoo but i love you yeah i love you i love you just the same well you tell me sweet things that you don't mean you've got me a living in a haunted dream you make me do things i don't wanna do my friends say oh webb what's wrong with you i ain't never oh darling seen nobody like you hoo hoo but i love you yeah i love you i love you just the same i love you just the same i love you just the same
39,Country,Barbara Mandrell,I Was Country When Country Wasn't Cool,i remember wearin' straight leg levis flannel shirts even when they weren't in style i remember singin' with roy rogers at the movies when the west was really wild and i was listenin' to the opry when all of my friends were diggin' rock 'n roll and rhythm and blues i was country when country wasn't cool i remember circlin' the drivein pullin' up and turnin' down george jones i remember when no one was lookin' i was puttin' peanuts in my coke i took a lot of kiddin' 'cause i never did fit in now look at everybody tryin' to be what i was then i was country when country wasn't cool oooh  i was country when country wasn't cool i was country from my hat down to my boots i still act and look the same what you see ain't nothin' new i was country when country wasn't cool instrumental break they call us country bumpkins for stickin' to our roots i'm just glad we're in a country where we're all free to choose i was country when country wasn't cool george jones hey i was country when country wasn't cool yeah i was country from my hat down to whoa my boots i still act and look the same what you see ain't nothin' new yeah i was country when country wasn't cool
40,Country,Elton Britt,There's a Star Spangled Banner Waving Somewhere,there's a star spangled banner waving somewhere in a distant land so many miles away only uncle sam's great heroes get to go there where i wished that i could also live someday i'd see lincoln custer washington and perry nathan hale and colin kelly too there's a star spangled banner waving somewhere waving o'er the land of heroes brave and true in this war with its mad schemes of destruction of our country fair and our sweet liberty by the mad dictators leaders of corruption can't the us use a mountain boy like me god gave me the right to be a free american and for that precious right i'd gladly die there's a star spangled banner waving somewhere that is where i want to live when i die though i realize i'm crippled that is true sir please don't judge my courage by my twisted leg let me show my uncle sam what i can do sir let me help to bring the axis down a peg if i do some great deed i will be a hero and a hero brave is what i want to be there's a star spangled banner waving somewhere in that heaven there should be a place for me
41,Country,Hank Williams,"Hey, Good Lookinâ€™",say hey good lookin' whatcha got cookin' how's about cookin' somethin' up with me hey sweet baby don't you think maybe we could find us a brand new recipe i got a hot rod ford and a two dollar bill and i know a spot right over the hill there's soda pop and the dancin's free so if you wanna have fun come along with me say hey good lookin' whatcha got cookin' how's about cookin' somethin' up with me i'm free and ready so we can go steady how's about savin' all your time for me no more lookin' i know i've tooken how's about keepin' steady company i'm gonna throw my date book over the fence and find me one for five or ten cents i'll keep it 'til it's covered with age 'cause i'm writin' your name down on ev'ry page say hey good lookin' whatcha got cookin' how's about cookin' somethin' up with me
42,Country,Loretta Lynn,Don't Come Home A-Drinkin' (With Lovin' on Your Mind),well you thought i'd be waitin' up when you came home last night you'd been out with all the boys and you ended up half tight but liquor and love that just don't mix leave a bottle or me behind and don't come home a drinkin' with lovin' on your mind no don't come home a drinkin' with lovin' on your mind just stay out there on the town and see what you can find 'cause if you want that kind of love well you don't need none of mine so don't come home a drinkin' with lovin' on your mind  instrumental  you never take me anywhere because you're always gone many a night i've laid awake and cried dear all alone and you come in a kissin' on me it happens every time no don't come home a drinkin' with lovin' on your mind no don't come home a drinkin' with lovin' on your mind just stay out there on the town and see what you can find 'cause if you want that kind of love well you don't need none of mine so don't come home a drinkin' with lovin' on your mind no don't come home a drinkin' with lovin' on your mind
43,Country,Patsy Cline,Walkin' After Midnight,i go out walkin' after midnight out in the moonlight just like we used to do i'm always walkin' after midnight searchin' for you i walk for miles along the highway well that's just my way of sayin' i love you i'm always walkin' after midnight searchin' for you i stop to see a weepin' willow cryin' on his pillow maybe he's cryin' for me and as the skies turn gloomy night winds whisper to me i'm lonesome as i can be i go out walkin' after midnight out in the star light just hopin' you may be somewhere awalkin' after midnight searchin' for me i stop to see a weepin' willow cryin' on his pillow maybe he's cryin' for me and as the skies turn gloomy night winds whisper to me i'm lonesome as i can be i go out walkin' after midnight out in the moonlight just hopin' you may be somewhere awalkin' after midnight searchin' for me
44,Country,Don Gibson,"Oh, Lonesome Me",everybody's going out and having fun i'm just a fool for staying home and having none i can't get over how she set set me free oh lonesome me a bad mistake i'm making by just hanging round i know that i should have some fun and paint the town a lovesick fool is blind and just can't see oh lonesome me i'll bet she's not like me she's out and fancy free she's flirtin' with the boys with all her charms but i still love her so and brother don't you know i'd welcome her right back here in my arms well there must be some way i can lose these lonesome blues forget about the past and find somebody new i've thought of everything from a to z oh lonesome me well i'll bet she's not like me oh lonesome me oh lonesome me
45,Country,Ray Price,For the Good Times,don't look so sad i know it's over but life goes on and this old world will keep on turning let's just be glad we had some time to spend together there's no need to watch the bridges that were burning lay your head upon my pillow hold your warm and tender body close to mine hear the whisper of the raindrops blowing soft against the window and make believe you love me one more time for the good times i'll get along you'll find another and i'll be here if you should find you ever need me don't say a word about tomorrow or forever there'll be time enough for sadness when you leave me lay your head upon my pillow hold your warm and tender body close to mine hear the whisper of the raindrops blowing soft against the window and make believe you love me one more time for the good times
46,Country,Eddie Rabbitt,I Love A Rainy Night,well i love a rainy night i love a rainy night i love to hear the thunder watch the lightning when it lights up the sky you know it makes me feel good well i love a rainy night it's such a beautiful sight i love to feel the rain on my face taste the rain on my lips in the moonlight shadow showers washed all my cares away i wake up to a sunny day 'cause i love a rainy night yeah i love a rainy night well i love a rainy night well i love a rainy night ooh ooh i love a rainy night i love a rainy night i love to hear the thunder watch the lightning when it lights up the sky you know it makes me feel good well i love a rainy night it's such a beautiful sight i love to feel the rain on my face to taste the rain on my lips in the moonlight shadows puts a song in this heart of mine puts a smile on my face every time 'cause i love a rainy night yeah i love a rainy night ooh i love a rainy night yeah i love a rainy night ooh ooh showers washed all my cares away i wake up to a sunny day 'cause i love a rainy night yeah i love a rainy night well i love a rainy night i love a rainy night well i love a rainy night you can see it in my eyes yeah i love a rainy night well it makes me high ooh i love a rainy night you know i do yeah yeah i love a rainy night i love a rainy night you can see it in my eyes i love a rainy night makes me high well i love a rainy night and i love you too well i love a rainy night yeah i love a rainy night well i love a rainy night i love a rainy night
47,Country,The Oak Ridge Boys,Elvira,elvira elvira my heart's on fire elvira eyes that look like heaven lips like sherry wine that girl can sure enough make my little light shine i get a funny feelin' up and down my spine 'cause i know that my elvira's mine so i'm singin' elvira elvira my heart's on fire elvira giddy up oom poppa omm poppa mow mow giddy up oom poppa omm poppa mow mow heighho silver away tonight i'm gonna meet her at the hungry house cafe and i'm gonna give her all the love i can yes i am she's gonna jump and holler 'cause i've saved up my last two dollars we're gonna search and find that preacher man now i'm a singin' elvira elvira my heart's on fire elvira giddy up oom poppa omm poppa mow mow giddy up oom poppa omm poppa mow mow heighho silver away elvira elvira my heart's on fire elvira giddy up oom poppa omm poppa mow mow giddy up oom poppa omm poppa mow mow heighho silver away elvira elvira my heart's on fire elvira giddy up oom poppa omm poppa mow mow giddy up oom poppa omm poppa mow mow heighho silver away elvira elvira my heart's on fire elvira
48,Country,George Jones,The Grand Tour,step right up come on in if you'd like to take the grand tour of a lonely house that once was home sweet home i have nothing here to sell you just some things that i will tell you some things i know will chill you to the bone over there sits the chair where she'd bring the paper to me and sit down on my knee and whisper oh i love you but now she's gone forever and this old house will never be the same without the love that we once knew straight ahead that's the bed where we'd lay in love together and lord knows we had a good thing going here see her picture on the table don't it look like she'd be able just to touch me and say good morning dear there's her rings all her things and her clothes are in the closet like she left them when she tore my world apart as you leave you'll see the nursery oh she left me without mercy taking nothing but our baby and my heart step right up come on in
49,Country,Leroy Van Dyke,Walk on By,if i see you tomorrow on some street in town pardon me if i don't say hello hello i be long to an other it wouldn't look so good to know someone i'm not supposed to know just walk on by wait on the corner i love you but we're strangers when we meet just walk on by wait on the corner i love you but we're strangers when we meet in a dimly lit corner in a place outside of town tonight we'll try to say goodbye again goodbye but i know it's not over i'll call tomorrow night i can't let you go so why pretend
50,Country,Webb Pierce,Slowly,slowly i'm falling more in love with you slowly you're winning a heart that can be true now i can't hide my feelings no matter what i do for slowly i'm falling more in love with you more and more i need you and want you by my side more and more i love you as each day passes by my heart i know you're stealing i hope that you'll be true for slowly i'm falling more in love with you slowly i'm falling more in love with you slowly you're winning a heart that can be true now i can't hide my feelings no matter what i do for slowly i'm falling more in love with you
51,Country,Vernon Dalhart,Wreck of the Old '97,they gave him his orders at monroe virginia sayin' pete you're way behind time this is not '38 but its old '97 you must put her into spencer on time he looked round an' said to his black greasy fireman jus' shove on in a lil' more coal and when we cross that wide old mountain you can watch old '97 roll it's a mighty rough road from lynchburg to danville in a line on a three mile grade it was on that grade that he lost his airbrake and you see what a jump he made he was goin' down the grade makin' ninety miles an hour when his whistle broke into a scream he was found in the wreck with his hand on the throttle and a scalded to death by the steam now ladies you must take warnin' from this time now and on never speak harsh words to your true love and husband he may leave you and never return
52,Country,George Jones,The Race Is On,i feel tears wellin' up cold and deep inside like my heart's sprung a big break and the stab of loneliness sharp and painful that i may never shake now you might say that i was taking it hard since you wrote me off with a call but don't you wager that i'll hide the sorrow when i may break right down and bawl now the race is on and here comes pride up the backstretch heartaches are going to the inside my tears are holding back they're trying not to fall my heart's out of the running true love's scratched for another's sake the race is on and it looks like heartaches and the winner loses all one day i had ventured in love never once suspecting what the final results would be how i lived in fear of waking up each morning and finding that you'd gone from me there's aching and pain in my heart for the day was the one that i hated to face somebody new came up to win her and i came out in second place now the race is on and here comes pride up the backstretch heartaches are going to the inside my tears are holding back they're trying not to fall my heart's out of the running true love's scratched for another's sake the race is on and it looks like heartaches and the winner loses all
53,Country,Jeannie C. Riley,Harper Valley P.t.a.,"jeannie c riley miscellaneous harper valley pta harper valley pta jeannie c riley words and music by tom t hall i want to tell you all a story 'bout a harper valley widowed wife who had a teenage daughter who attended harper valley junior high well her daughter came home one afternoon and didn't even stop to play she said ""mom i got a note here from the harper valley pta"" the note said ""mrs johnson you're wearing your dresses way too high it's reported you've been drinking and arunnin' 'round with men and going wild and we don't believe you ought to be bringing up your little girl this way"" it was signed by the secretary harper valley pta well it happened that the pta was gonna meet that very afternoon they were sure surprised when mrs johnson wore her miniskirt into the room and as she walked up to the blackboard i still recall the words she had to say she said ""i'd like to address this meeting of the harper valley pta"" well there's bobby taylor sittin' there and seven times he's asked me for a date mrs taylor sure seems to use a lot of ice whenever he's away and mr baker can you tell us why your secretary had to leave this town and shouldn't widow jones be told to keep her window shades all pulled completely down well mr harper couldn't be here 'cause he stayed too long at kelly's bar again and if you smell shirley thompson's breath you'll find she's had a little nip of gin then you have the nerve to tell me you think that as a mother i'm not fit well this is just a little peyton place and you're all harper valley hypocrites no i wouldn't put you on because it really did it happened just this way the day my mama socked it to the harper valley pta the day my mama socked it to the harper valley pta "
54,Country,Gene Autry,Back In the Saddle Again,i'm back in the saddle again out where a friend is a friend where the longhorn cattle feed on the lowly gypsum weed back in the saddle again ridin' the range once more totin' my old 44 where you sleep out every night and the only law is right back in the saddle again whoopityayeoh rockin' to and fro back in the saddle again whoopityayeyay i go my way back in the saddle again i'm back in the saddle again out where a friend is a friend where the longhorn cattle feed on the lowly gypsum weed back in the saddle again ridin' the range once more totin' my old 44 where you sleep out every night and the only law is right back in the saddle again whoopityayeoh rockin' to and fro back in the saddle again whoopityayeyay i go my way back in the saddle again
55,Country,Lee Greenwood,God Bless the USA,if tomorrow all my things were gone i'd worked for all my life and i had to start again with just my children and my wife i'd thank my lucky stars to be livin' here today 'cause the flag still stands for freedom and they can't take that away and i'm proud to be an american where at least i know i'm free and i won't forget the men who died who gave that right to me and i gladly stand up next to you and defend her still today 'cause there ain't no doubt i love this land god bless the usa from the lakes of minnesota to the hills of tennessee across the plains of texas from sea to shining sea from detroit down to houston and new york to la well there's pride in every american heart and its time we stand and say that i'm proud to be an american where at least i know i'm free and i wont forget the men who died who gave that right to me and i gladly stand up next to you and defend her still today 'cause there ain't no doubt i love this land god bless the usa and i'm proud to be an american where at least i know i'm free and i wont forget the men who died who gave that right to me and i gladly stand up next to you and defend her still today 'cause there ain't no doubt i love this land god bless the usa
56,Country,Porter Wagoner,A Satisfied Mind,how many times have you heard someone say if i had his money i could do things my way but little they know that it's so hard to find one rich man in ten with the satisfied mind once i was wading in fortune and fame everything that i've dreamed for to get a start in life's game but suddenly it happened i lost every dime but i'm richer by far with the satisfied mind money can't buy back your youth when you're old or a friend when you're lonely or a love that's grown cold the wealthiest person is a pauper at times compared to the man with the satisfied mind when life has ended and my time has run out my friends and my loved ones i'll leave there's no doubt but there's one thing for certain when it comes my time i'll leave this old world with the satisfied mind
57,Country,Eddy Arnold,I'll Hold You In My Arms (1947),eddy arnold miscellaneous i'll hold you in my arms 1947 ill hold you in my heart till i can hold you in my arms like youve never been held before ill think of each day and then ill dream the night away till you are in my arms once more the stars up in the sky know the reason why i feel so blue when im away from you ill hold you in my heart till i can hold you in my arms so darling please wait for me the stars up in the sky know the reason why i feel so blue when im away from you ill hold you in my heart till i can hold you in my arms so darling please wait for me
58,Country,Tennessee Ernie Ford,Sixteen Tons,"some people say a man is made out of mud a poor man's made out of muscle and blood muscle and blood and skin and bones a mind that's weak and a back that's strong you load sixteen tons and whattaya get another day older and deeper in debt st peter don'cha call me 'cause i can't go i owe my soul to the company store i was born one morning when the sun didn't shine i picked up my shovel and i walked to the mine i loaded sixteen tons of number nine coal and the straw boss said ""well bless my soul"" you load sixteen tons and whattaya get another day older and deeper in debt st peter don'cha call me 'cause i can't go i owe my soul to the company store i was born one morning it was drizzlin' rain fightin' and trouble are my middle name i was raised in the cane break by an old mama lion can't no hightoned woman make me walk the line you load sixteen tons and whattaya get another day older and deeper in debt st peter don'cha call me 'cause i can't go i owe my soul to the company store if you see me comin' better step aside a lotta men didn't a lotta men died one fist of iron the other of steel if the right one don't getcha then the left one will you load sixteen tons and whattaya get another day older and deeper in debt st peter don'cha call me 'cause i can't go i owe my soul to the company store"
59,Country,Willie Nelson and Merle Haggard,Pancho and Lefty,living on the road my friend is gonna keep you free and clean now you wear your skin like iron and your breath is hard as kerosene you weren't your mama's only boy but her favourite one it seems she began to cry when you said goodbye and sank into your dreams pancho was a bandit boy his horse was fast as polished steel he wore his gun outside his pants for all the honest world to feel pancho met his match you know on the deserts down in mexico nobody heard his dying words; ah but that's the way it goes all the federales say they could have had him any day they only let him slip away out of kindness i suppose lefty he can't sing the blues all night long like he used to the dust that pancho bit down south ended up in lefty's mouth the day they laid poor pancho low lefty split for ohio where he got the bread to go there ain't nobody knows all the federales say they could have had him any day they only let him slip away out of kindness i suppose the poets tell how pancho fell and lefty's living in cheap hotels the desert's quiet cleveland's cold and so the story ends we're told pancho needs your prayers it's true but save a few for lefty too he only did what he had to do and now he's growing old all the federales say they could have had him any day they only let him go so long out of kindness i suppose a few grey federales say they could have had him any day they only let him go so long out of kindness i suppose
60,Country,Charley Pride,Kiss An Angel Good Mornin',when ever i chance to meet some old friends on the street they wonder how does a man get to feel this way i've always got a smiling face anytime and any place and every time they ask me why i just smile and say you've got to kiss an angel good morning and let her know you think about her when you're gone kiss an angel good morning and love her like the devil when you get back home well people may try to guess the secret of my happiness but some of them never learn it's a simple thing the secret that i'm speaking of is a woman and a man in love and the answer is in this song that i always sing 
61,Country,Billy Ray Cyrus,Achy Breaky Heart,you can tell the world you never was my girl you can burn my clothes when i'm gone or you can tell your friends just what a fool i've been and laugh and joke about me on the phone you can tell my arms go back onto the phone you can tell my feet to hit the floor or you can tell my lips to tell my fingertips they won't be reaching out for you no more but don't tell my heart my achy breaky heart i just don't think it'd understand and if you tell my heart my achy breaky heart he might blow up and kill this man you can tell your ma i moved to arkansas you can tell your dog to bite my leg or tell your brother cliff who's fist can tell my lips he never really liked me anyway oh tell your aunt louise tell anything you please myself already knows that i'm not okay oh you can tell my eyes to watch out for my mind it might be walking out on me today don't tell my heart my achy breaky heart i just don't think it'd understand and if you tell my heart my achy breaky heart he might blow up and kill this man don't tell my heart my achy breaky heart i just don't think it'd understand and if you tell my heart my achy breaky heart he might blow up and kill this man don't tell my heart my achy breaky heart i just don't think it'd understand and if you tell my heart my achy breaky heart he might blow up and kill this man
62,Country,Waylon Jennings,"Luckenbach,Texas (Back To The Basics Of Love)",there only two things in life that make it worth livin' that's guitars that tune good and firm feelin' women i don't need my name in the marquis lights i got my song and i got you with me tonight maybe it's time we got back to the basics of love let's go to luckenbach texas with waylon and willie and the boys this successful life we're livin' got us feuding like the hatfields and mccoys between hank williams pain songs and newberry's train songs and blue eyes cryin' in the rain out in luckenbach texas ain't nobody feelin' no pain so baby let's sell your diamond ring buy some boots and faded jeans and go away this coat and tie is choking me in your high society you cry all day we've been so busy keepin' up with the jones four car garage and we're still building on may be it's time we got back to the basics of love let's go to luckenbach texas with waylon and willie and the boys this successful life we're livin' got us feuding like the hatfields and mccoys between hank williams pain songs and newberry's train songs and blue eyes cryin' in the rain out in luckenbach texas ain't nobody feelin' no pain let's go to luckenbach texas with waylon and willie and the boys this successful life we're livin' got us feuding like the hatfields and mccoys between hank williams pain songs and jerry jeff's train songs and blue eyes cryin' in the rain out in luckenbach texas ain't nobody feelin' no pain
63,Country,Hank Snow,I've Been Everywhere,"i was totin' my pack along the dusty winnemucca road when along came a semi with a high and canvas covered load ""if you're going to winnemucca mack with me you can ride"" so i climbed into the cab and then i settled down inside he asked me if i'd seen a road with so much dust and sand and i said ""listen bud i've traveled every road in this here land""  i've been everywhere man i've been everywhere man 'cross the deserts bare man i've breathed the mountain air man of travel i've had my share man i've been everywhere been to reno chicago fargo minnesota buffalo toronto winslow sarasota wichita tulsa ottawa oklahoma tampa panama mattawa la paloma bangor baltimore salvador amarillo tocopilla barranquilla and padilla i'm a killer i've been everywhere man i've been everywhere man 'cross the deserts bare man i've breathed the mountain air man of travel i've had my share man i've been everywhere boston charleston dayton louisiana washington houston kingston texarkana monterey ferriday santa fe tallapoosa glen rock black rock little rock oskaloosa tennessee hennessey chicopee spirit lake grand lake devil's lake crater lake for pete's sake; i've been everywhere man i've been everywhere man 'cross the deserts bare man i've breathed the mountain air man of travel i've had my share man i've been everywhere louisville nashville knoxville ombabika shefferville jacksonville waterville costa rica pittsfield springfield bakersfield shreveport hackensack cadillac fond du lac davenport idaho jellicoe argentina diamontina pasadena catalina see what i mean sir; i've been everywhere man i've been everywhere man 'cross the deserts bare man i've breathed the mountain air man of travel i've had my share man i've been everywhere pittsburgh parkersburg gravellburg colorado ellensburg rexburg vicksburg eldorado larrimore atmore haverstraw chattanika chaska nebraska alaska opelika baraboo waterloo kalamazoo kansas city sioux city cedar city dodge city what a pity; i've been everywhere man i've been everywhere man 'cross the deserts bare man i've breathed the mountain air man of travel i've had my share man ""i know some place you haven't been"" i've been everywhere"""
64,Country,Hank Thompson,The Wild Side of Life,you wouldn't read my letter if i wrote you you asked me not to call you on the phone but there's something i'm wanting to tell you so i wrote it in the words of this song  i didn't know god made honky tonk angels i might have known you'd never make a wife you gave up the only one that ever loved you and went back to the wild side of life the glamour of the gay night life has lured you to the places where the wine and liquor flows where you wait to be anybody's baby and forget the truest love you'll ever know 
65,Country,Dan Seals,Bop,put on your boppin' socks baby roll up your old blue jeans theres a band playin' down at the armory knows what rock and roll really means i want to ride in your '55 tbird drive through some old memories i ain't after your body baby i just want you to dance with me i want to bop with ya baby all night long i want to bop the night away i want to make it a night like it used to be when are hearts were young and our souls were free i want to bop with you baby all night long i want to bebop with you baby till the break of dawn i want to bop with you baby all the night long i got an old photograph in my pocket when we were still in our teens the lord knows i feel a lot older now but you still look the same to me honey you don't ever laugh like you used to and i don't wanna see you blue if you ain't busy tonight and you think it's alright this is what i want to do i want to bop with you baby all night long i want to bop the night away i want to make it a night like it used to be oh when are hearts were young and our souls were free i want to bop with you baby all night long i want to bebop with you baby till the break of dawn i want to bop with you baby all the night long lets twist and shout oh just like in the good old days baby watch out you know i just can't stand it when you look at me that way i want to bop with you baby all night long i want to bebop with you baby till the break of dawn i want to bop with you baby all the night i want to bop with you baby all night long i want to bebop with you baby till the break of dawn i want to make it a night like it used to be when are hearts were young and our souls were free i want to bop with you baby all night long i want to bebop with you baby till the break of dawn i want to make it a night like it used to be when are hearts were young and free
66,Country,Jeanne Pruett,Satin Sheets,satin sheets to lie on satin pillows to cry on still i'm not happy don't you see big long cadillac tailormades upon my back still i want you to set me free i've found another man who can give more than you can though you've given me everything money can buy but your money can't hold me tight like he does on a long long night no you didn't keep me satisfied satin sheets to lie on satin pillows to cry on still i'm not happy don't you see big long cadillac tailormades upon my back still i want you to set me free satin sheets to lie on satin pillows to cry on still i'm not happy don't you see big long cadillac tailormades upon my back still i want you to set me free satin sheets to lie on satin pillows to cry on still i'm not happy don't you see big long cadillac tailormades upon my back still i want you to set me free
67,Country,Hank Williams,Love Sick Blues,i got a feelin' called the blues oh lawd since my baby said goodbye and i don't know what i'll do all i do is sit and sigh oh lawd that last long day she said goodbye well lawd i thought i would cry she'll do me she'll do you she's got that kind of lovin' lawd i love to hear her when she calls me sweet daddy such a beautiful dream i hate to think it all over i've lost my heart it seems i've grown so used to you some how well i'm nobody's sugar daddy now and i'm lonesome i got the lovesick blues well i'm in love i'm in love with a beautiful gal that's what's the matter with me well i'm in love i'm in love with a beautiful gal but she don't care about me lawd i tried and i tried to keep her satisfied but she just wouldn't stay so now that she is leavin' this is all i can say i got a feelin' called the blues oh lawd since my baby said goodbye and i don't know what i'll do all i do is sit and sigh oh lawd that last long day she said goodbye well lawd i thought i would cry she'll do me she'll do you she's got that kind of lovin' lawd i love to hear her when she calls me sweet daddy such a beautiful dream i hate to think it all over i've lost my heart it seems i've grown so used to you some how well i'm nobody's sugar daddy now and i'm lonesome i got the lovesick blues
68,Country,Red Foley,Chattanoogie Shoe Shine Boy,have you ever passed the corner of forth and grand where a little ball o' rhythm has a shoeshine stand people gather 'round and they clap their hands he's a great big bundle o' joy he pops the boogie woogie rag the chattanoogie shoeshine boy he charges you a nickel just to shine one shoe he makes the oldest kind o' leather look like new you feel as though you wanna dance when he gets through he's a great big bundle o' joy he pops the boogie woogie rag the chattanoogie shoeshine boy it's a wonder that the rag don't tear the way he makes it pop you ought to see him fan the air with his hoppityhippityhippityhoppityhoppityhippityhop he opens up for business when the clock strikes nine he likes to get up early when they're feelin' fine everybody gets a little rise 'n shine with the great big bundle o' joy he pops the boogie woogie rag the chattanoogie shoeshine boy it's a wonder that the rag don't tear the way he makes it pop just listen to him fan the air here he goes he opens up for business when the clock strikes nine he likes to get up early when they're feelin' fine everybody gets a little rise 'n shine with the great big bundle o' joy he pops the boogie woogie rag the chattanoogie shoeshine boy the chattanoogie shoeshine boy
69,Country,Bob Wills,Spanish Two Step,"down below the rio grande a senorita held my hand and sweetly sang an old melody without a worry or a care a rose she gave me from her hair and then she whispered ""si senor si"" in a cabaret we dance the hours away her eyes told more than words e'er could say i told her i had to go left her down in mexico while the band play spanish two step soft and low"
70,Country,Jim Reeves,Four Walls,four walls jim reeves out where the bright lights are glowing you're drawn like a moth to a flame you laugh while the wine's overflowing while i sit and whisper your name four walls to hear me four walls to see four walls too near me closing in on me sometimes i ask why i'm waiting but my walls have nothing to say i'm made for love not for hating so here where you left me i'll stay one night with you is like heaven and so while i'm walking the floor i listen for steps in the hallway and wait for your knock on my door four wals to hear me four wals to see four wals to near me closing in on me closing in on me
71,Country,Willie Nelson,On The Road Again,on the road again just can't wait to get on the road again the life i love is making music with my friends and i can't wait to get on the road again on the road again goin' places that i've never been seein' things that i may never see again and i can't wait to get on the road again on the road again like a band of gypsies we go down the highway we're the best of friends insisting that the world keep turning our way and our way is on the road again just can't wait to get on the road again the life i love is makin' music with my friends and i can't wait to get on the road again on the road again like a band of gypsies we go down the highway we're the best of friends insisting that the world keep turning our way and our way is on the road again just can't wait to get on the road again the life i love is makin' music with my friends and i can't wait to get on the road again and i can't wait to get on the road again
72,Country,Waylon Jennings,Good Hearted Woman,she's a goodhearted woman in love with a goodtimin' man she loves him in spite of his wicked ways she don't understand through teardrops and laughter they'll pass through this world hand in hand she's a goodhearted woman loving a goodtimin' man well a long time forgotten dreams have just fell by the way and the good life he promised ain't what she's living today but she never complains of the bad times or bad things he's done she just talks about the good times they've had and all the good times to come she's a goodhearted woman in love with a goodtimin' man she loves him in spite of his wicked ways she don't understand through teardrops and laughter they'll pass through this world hand in hand she's a goodhearted woman loving a goodtimin' man he likes the bright light the nite life and goodtimin' friends when the party's all over she'll welcome him back home again she don't understand him but she does the best that she can this goodhearted woman lovin' a goodtimin' man she's a goodhearted woman in love with a goodtimin' man she loves me in spite of my wicked ways she don't understand through teardrops and laughter they'll pass through this world hand in hand she's a goodhearted woman loving a goodtimin' man she's a goodhearted woman loving a goodtimin' man
73,Country,Keith Urban,Somebody Like You (Album Version),there's a new wind blowin' like i've never known i'm breathin' deeper than i've ever done and it sure feels good to finally feel the way i do now i wanna love somebody love somebody like you an' i'm lettin' go of all my lonely yesterdays i've forgiven myself for the mistakes i've made now there's just one thing the only thing i wanna do mmm mmm i wanna love somebody love somebody like you yeah i wanna feel the sunshine shinin' down on me and you when you put your arms around me you let me know there's nothing in this world i can't do i used to run in circles goin' nowhere fast i'd take uh one step forward and two steps back couldn't walk a straight line even if i wanted to mmm mmm i wanna love somebody love somebody like you whoa here we go now yeah i wanna feel the sunshine shinin' down on me and you when you put your arms around me well baby there ain't nothing in this world i can't do sometimes it's hard for me to understand but you're teachin' me to be a better man i don't want to take this life for granted like i used to do no no i wanna love somebody love somebody like you i'm ready to love somebody love somebody like you ooh an' i wanna love somebody love somebody like you yeah oh yeah oh i wanna be the man in the middle of the night shinin' like it's true i wanna be the man that you run to whenever i call on you when everything that loved someone finally found it's way wanna be a better man i see it in you yeah yeah yeah yeah yeah yeah yeah you wanna believe it
74,Country,Keith Whitley,When You Say Nothing at All,it's amazing how you can speak right to my heart without saying a word you can light up the dark try as i may i could never explain what i hear when you don't say a thing the smile on your face let's me know that you need me there's a truth in your eyes saying you'll never leave me a touch of your hand says you'll catch me if ever i fall now you say it best when you say nothing at all all day long i can hear people talking out loud but when you hold me near you drown out the crowd old mr webster could never define what's being said between your heart and mine the smile on your face let's me know that you need me there's a truth in your eyes saying you'll never leave me a touch of your hand says you'll catch me if ever i fall yeah you say it best when you say nothing at all the smile on your face let's me know that you need me there's a truth in your eyes saying you'll never leave me a touch of your hand says you'll catch me if ever i fall yeah you say it best when you say nothing at all
75,Country,Toby Keith,Should've Been a Cowboy,"i'll bet you've never heard ole marshall dillon say ""miss kitty have you ever thought of running away and settling down would you marry me if i ask you twice and begged you pretty please"" lord she'd have said ""yes"" in a new york minute they never tied the knot his heart wasn't in it he just stole a kiss and he rode away he never hung his brim up at kitty's place i should've been a cowboy i should've learned to rope and ride wearing my sixshooter riding my pony on a cattle drive stealing a young girl's heart yeah just like gene and roy sang a few rodeo songs yeah i should've been a cowboy i might of had a side kick with a funny name running wild through the hills chasing jesse james up on the brink of danger and riding shotgun for the texas rangers go west young man everybody knows that california is full of whiskey and women and beer and gold i don't nap beneath the desert star a dream in my eye and a prayer my heart i should've been a cowboy i should've learned to rope and ride wearing my sixshooter riding my pony on a cattle drive stealing a young girl's heart just like gene and roy i sang a few cowgirl songs i should've been a cowboy i should've been a cowboy i should've learned to rope and ride yeah wearing my sixshooter riding my pony on a cattle drive stealing a young girl's heart just like gene and roy i sang a few redneck songs yeah i should've been a cowboy i should've been a cowboy i should've learned to rope and ride wearing my sixshooter riding my pony on a cattle drive stealing a young girl's heart just like gene and roy singing a campfire song yeah i should've been a cowboy yeah cowboy should've learned to rope and ride oh wearing my sixshooter riding my pony on a cattle drive stealing a young girl's heart yeah just like gene and roy i sang a few campfire songs i should've been a cowboy what you say i said i should've been a cowboy i should've been a cowboy"
76,Country,Clint Black,Killin' Time,you were the first thing that i thought of when i thought i drank you off my mind when i get lost in the liquor you're the only one i find if i did the things i oughta you still would not be mine so i'll keep a tight grip on the bottle gettin' loose and killin' time this killin' time is killin' me drinking myself blind thinkin' i won't see that if i cross that line and they bury me well i just might find i'll be killin' time for eternity i don't know nothin' 'bout tomorrow i've been lost in yesterday i've spent all my life just dying for a love that passed away there's an end to all my sorrow this is the only price i'll pay i'll be a happy man when i go and i can't wait another day this killin' time is killin' me drinking myself blind thinkin' i won't see that if i cross that line and they bury me well i just might find i'll be killin' time for eternity yes i just might find i'll be killin' time for eternity
77,Country,Roger Miller,King Of The Road,trailer for sale or rent rooms to let fifty cents no phone no pool no pets i ain't got no cigarettes ah but two hours of pushin' broom buys an eight by twelve fourbit room i'm a man of means by no means king of the road third boxcar midnight train destination bangor maine old worn out clothes and shoes i don't pay no union dues i smoke old stogies i have found short but not too big around i'm a man of means by no means king of the road i know every engineer on every train all of their children and all of their names and every handout in every town and every lock that ain't locked when no one's around i sing trailers for sale or rent rooms to let fifty cents no phone no pool no pets i ain't got no cigarettes ah but two hours of pushin' broom buys an eight by twelve fourbit room i'm a man of means by no means king of the road
78,Country,Bill Anderson,Still,still though you broke my heart still though we're far apart i love you still still after all this time still you're still on my mind i love you still i've lost count of the hours and i've lost track of the days in fact i've lost just about everything since you went away i love you still everything that is except the memories you left me and that's one things that no one can mar i don't know who you're with i don't even know where you've gone my only hope is that some day you might hear this song and you'll know i wrote it especially for you i love you still and i love you wherever you are still after all this time still you're still on my mind i love you still this flame in my heart is like an eternal fire for every day it burns hotter and every day it burns higher i love you still and i haven't been able to put out one little flicker not even with all of these tears my friends all think i'm crazy and maybe i am but i'll carry this torch just as long as i can for someday you might just decide to come home i love you still and i want you to know i'm still here still though you broke my heart still though you're far apart i love you still
79,Country,Osborne Brothers,Rocky Top,wish that i was on ol' rocky top down in the tennessee hills ain't no smoggy smoke on rocky top ain't no telephone bills once i had a girl on rocky top half bear other half cat wild as a mink but sweet as soda pop i still dream about that rocky top you'll always be home sweet home to me good ol' rocky top rocky top tennessee rocky top tennessee once two strangers climbed ol' rocky top lookin' for a moonshine still strangers ain't come down from rocky top reckon they never will corn won't grow at all on rocky top dirt's too rocky by far that's why all the folks on rocky top get their corn from a jar rocky top you'll always be home sweet home to me good ol' rocky top rocky top tennessee rocky top tennessee i've had years of cramped up city life trapped like a duck in a pen all i know is it's a pity life can't be simple again rocky top you'll always be home sweet home to me good ol' rocky top rocky top tennessee rocky top tennessee rocky top tennessee
80,Country,The Statler Brothers,Flowers On The Wall,"the statler brothers miscellaneous flowers on the wall flowers on the wall artists the statler brothers peak billboard position # 4 in 1966 words and music by lewis dewitt i keep hearin' you're concerned about my happiness but all that thought you're givin' me is conscience i guess if i was walkin' in your shoes i wouldn't worry none while you 'n' your friends are worried about me i'm havin' lots of fun  countin' flowers on the wall that don't bother me at all playin' solitaire till dawn with a deck of fiftyone smokin' cigarettes and watchin' captain kangaroo now don't tell me i've nothin' to do last night i dressed in tails pretended i was on the town as long as i can dream it's hard to slow this swinger down so please don't give a thought to me i'm really doin' fine you can always find me here i'm havin' quite a time  it's good to see you i must go i know i look a fright anyway my eyes are not accustomed to this light and my shoes are not accustomed to this hard concrete so i must go back to my room and make my day complete  don't tell me i've nothin' to do transcribed by ronald e hontz <a class""__cf_email__"" datacfemail""34465b5a5c5b5a404e74435b4658505a51401a5540401a5a5140"" href""/cdncgi/l/emailprotection"">emailÂ protected</a>"
81,Country,Harry McClintock,Big Rock Candy Mountain,"one evening as the sun went down and the jungle fire was burning down the track came a hobo hiking and he said ""boys i'm not turningâ€ â€œi'm headed for a land that's far away besides the crystal fountains so come with me we'll go and see the big rock candy mountainsâ€ in the big rock candy mountains there's a land that's fair and bright where the handouts grow on bushes and you sleep out every night where the boxcars all are empty and the sun shines every day and the birds and the bees and the cigarette trees the lemonade springs where the bluebird sings in the big rock candy mountains in the big rock candy mountains all the cops have wooden legs and the bulldogs all have rubber teeth and the hens lay softboiled eggs the farmers' trees are full of fruit and the barns are full of hay oh i'm bound to go where there ain't no snow where the rain don't fall the winds don't blow in the big rock candy mountains in the big rock candy mountains you never change your socks and the little streams of alcohol come trickling down the rocks the brakemen have to tip their hats and the railway bulls are blind there's a lake of stew and of whiskey too you can paddle all around it in a big canoe in the big rock candy mountains in the big rock candy mountains the jails are made of tin and you can walk right out again as soon as you are in there ain't no shorthandled shovels no axes saws nor picks i'm goin' to stay where you sleep all day where they hung the jerk that invented work in the big rock candy mountains i'll see you all this coming fall in the big rock candy mountains"
82,Country,John Michael Montgomery,I Swear,i see the questions in your eyes i know what's weighing on your mind but you can be sure i know my part 'cause i'll stand beside you through the years you'll only cry those happy tears and though i'll make mistakes i'll never break your heart i swear by the moon and stars in the sky i'll be there i swear like the shadow that's by your side i'll be there for better or worse till death do us part i'll love you with every beat of my heart i swear i'll give you everything i can i'll build your dreams with these two hands we'll hang some memories on the wall and when there's silver in your hair won't have to ask if i still care 'cause as time turns the page my love won't age at all i swear by the moon and stars in the sky i'll be there i swear like the shadow that's by your side i'll be there for better or worse till death do us part i'll love you with every beat of my heart i swear i swear by the moon and stars in the sky i'll be there i swear like the shadow that's by your side i'll be there for better or worse till death do us part i'll love you with every beat of my heart i swear i swear
83,Country,Kenny Chesney,How Forever Feels,big orange ball sinkin' in the water toes in the sand couldn't get much hotter little umbrella shaped margaritas coconut oil tan senoritas oh now i know how jimmy buffet feels hands on the wheel cruisin' down the interstate gas pedal sticks carries my car away i was going as fast as a rambler goes i could feel the speed from my head to my toes oh now i know how richard petty feels well i've been around the block a time or two done almost everything a boy can do i've done some livin' yeah i've had fun but there is one thing that i haven't done saved two months bought a little diamond tonight's the night feels like perfect timin' down on one knee on momma's front steps man i'm gonna die if she really says yes i wanna know how forever feels well i've been around the block a time or two done almost everything a boy can do i've done some livin' yeah i've had fun but there is one thing that i haven't done i wanna know how forever feels hey i wanna know how forever feels girl i wanna know how forever feels
84,Country,Dolly Parton,Jolene,dolly parton greatest hits jolene jolene jolene jolene jolene i'm begging of you please don't take my man jolene jolene jolene jolene please don't take him just because you can your beauty is beyond compare with flaming locks of auburn hair with ivory skin and eyes of emerald green your smile is like a breath of spring your voice is soft like summer rain and i cannot compete with you jolene he talks about you in his sleep there's nothing i can do to keep from crying when he calls your name jolene and i can easily understand how you could easily take my man but you don't know what he means to me jolene jolene jolene jolene jolene i'm begging of you please don't take my man jolene jolene jolene jolene please don't take him just because you can you could have your choice of men but i could never love again he's the only one for me jolene i had to have this talk with you my happiness depends on you and whatever you decide to do jolene jolene jolene jolene jolene i'm begging of you please don't take my man jolene jolene jolene jolene please don't take him even though you can jolene jolene
85,Country,Hank Locklin,Please Help Me I'm Falling,please help me i'm falling in love with you close the door to temptation don't let me walk through turn away from me darling i'm begging you to please help me i'm falling in love with you i belong to another whose arms have grown cold but i promised forever to have and to hold i can never be free dear but when i'm with you i know that i'm losing the will to be true please help me i'm falling and that would be sin close the door to temptation don't let me walk in for i mustn't want you but darling i do please help me i'm falling in love with you
